{
  "n_blocks": 36,
  "estimator_window": 4,
  "Omega_rmse_uncompensated": 0.042901920261622366,
  "Omega_rmse_compensated": 0.0197438512964607,
  "Omega_error_reduction_fraction": 0.5397909656243888,
  "B_rmse_uncompensated": 0.03339099939524177,
  "B_rmse_compensated": 0.003938562340539955,
  "B_error_reduction_fraction": 0.8820471860120125,
  "response_rmse_uncompensated_mean": 0.07690483670965678,
  "response_rmse_compensated_mean": 0.030208182438941245,
  "response_error_reduction_fraction": 0.6072004865833351,
  "min_phase_lock_uncompensated": 0.9777466130501812,
  "min_phase_lock_compensated": 0.9930420928979902,
  "mean_phase_lock_uncompensated": 0.9913687894587068,
  "mean_phase_lock_compensated": 0.9981307040560748,
  "max_angle_uncompensated_degrees": 12.110006411327115,
  "max_angle_compensated_degrees": 6.762839492793259,
  "phase_lock_threshold": 0.7071067811865475,
  "all_compensated_blocks_phase_locked": true,
  "best_tested_window": 1,
  "best_tested_window_response_rmse": 0.00647237596426326,
  "best_tested_window_response_improvement_fraction": 0.9161003143787853
}