{
  "n_blocks": 36,
  "moving_average_window": 4,
  "kalman_q_omega": 0.0008,
  "kalman_r_omega": 3.2444595058595512e-06,
  "kalman_q_b": 1e-05,
  "kalman_r_b": 3.349378687117176e-05,
  "Omega_rmse_uncompensated": 0.042901920261622366,
  "Omega_rmse_moving_average": 0.0197438512964607,
  "Omega_rmse_kalman": 0.0019351719135959173,
  "B_rmse_uncompensated": 0.03339099939524177,
  "B_rmse_moving_average": 0.003938562340539955,
  "B_rmse_kalman": 0.0034325055415183,
  "response_rmse_uncompensated_mean": 0.07714422189237222,
  "response_rmse_moving_average_mean": 0.030208182438941245,
  "response_rmse_kalman_mean": 0.004479178217791486,
  "Omega_error_reduction_moving_average_fraction": 0.5397909656243888,
  "Omega_error_reduction_kalman_fraction": 0.954893116629863,
  "B_error_reduction_moving_average_fraction": 0.8820471860120125,
  "B_error_reduction_kalman_fraction": 0.8972026712681312,
  "response_error_reduction_moving_average_fraction": 0.6084193773956759,
  "response_error_reduction_kalman_fraction": 0.941937605851536,
  "min_phase_lock_uncompensated": 0.9777408110711338,
  "min_phase_lock_moving_average": 0.9930420928979902,
  "min_phase_lock_kalman": 0.9999269713476022,
  "mean_phase_lock_uncompensated": 0.9913750835251958,
  "mean_phase_lock_moving_average": 0.9981307040560748,
  "mean_phase_lock_kalman": 0.9999775026521094,
  "phase_lock_threshold": 0.7071067811865475,
  "all_kalman_blocks_phase_locked": true,
  "best_swept_q_omega": 0.0001467799267622069,
  "best_swept_q_omega_response_rmse": 0.004455852079974791
}